title,author(s),year published,type,notes,country,year banned,year unbanned,year published..
Christianity not Mysterious,John Toland,1696,Non-fiction,Banned by the Irish Parliament for contradicting the teaching of the Anglican Church. Copies of the book were burnt by the public hangman in Dublin.,Ireland,,,
Droll Stories,Honoré de Balzac,1837,Short stories,Banned for obscenity in 1953. The ban was lifted in 1967.,Ireland,,,
Married Love,Marie Stopes,1918,Non-fiction,Banned by the Irish Censorship Board for discussing birth control.,Ireland,,,
And Quiet Flows the Don,Mikhail Sholokhov,1928–1940,Novel Sequence,"The English translations of Sholokhov's work were banned for ""indecency"".",Ireland,,,
Elmer Gantry,Sinclair Lewis,1927,Novel,Elmer Gantry was banned in the Irish Free State.,Ireland,,,
The House of Gold,Liam O'Flaherty,1929,Novel,"The first book to be banned by the Irish Free State for alleged ""indecency"". Republished in 2013.",Ireland,,,
A Farewell to Arms,Ernest Hemingway,1929,Novel,Suppressed in the Irish Free State.,Ireland,,,
Marriage and Morals,Bertrand Russell,1929,Non-fiction,"Suppressed in the Irish Free State for discussing sex education, birth control and open marriages.",Ireland,,,
Commonsense and the Child,Ethel Mannin,1931,Non-fiction,Banned in the Irish Free State for advocating sex education for adolescents.,Ireland,,,
The Bulpington of Blup,H. G. Wells,1932,Novel,Banned in the Irish Free State.,Ireland,,,
Brave New World,Aldous Huxley,1932,Novel,"Banned in Ireland in 1932, allegedly because of references of sexual promiscuity.",Ireland,,,
"The Work, Wealth and Happiness of Mankind",H. G. Wells,1932,Non-fiction,Banned in the Irish Free State.,Ireland,,,
Men of Good Will,Jules Romains,1932–1946,Novel Sequence,The English translations of Romains' novel sequence were banned in the Irish Free State.,Ireland,,,
The Martyr,Liam O'Flaherty,1933,Novel,Banned in the Irish Free State.,Ireland,,,
The Laws of Life,Halliday Sutherland,1935,Non-fiction,Banned in the Irish Free State for discussing sex education and Calendar-based contraceptive methods – even though The Laws of Life had been granted a Cum permissu superiorum endorsement by the Roman Catholic Diocese of Westminster.,Ireland,,,
Honourable Estate,Vera Brittain,1936,Novel,Banned in the Irish Free State.,Ireland,,,
I Knock at the Door,Seán O'Casey,1939,Autobiography,Banned in Ireland.,Ireland,,,
Dutch Interior,Frank O'Connor,1940,Novel,Banned in Ireland.,Ireland,,,
The Tailor and Ansty,Eric Cross,1942,Non-fiction,Banned by the Irish censors for discussing sexuality in rural Ireland.,Ireland,,,
Borstal Boy,Brendan Behan,1958,Autobiographical novel,"Banned in Ireland in 1958. The Irish Censorship of Publications Board was not obliged to reveal its reason but it is believed that it was rejected for its critique of Irish republicanism and the Catholic Church, and its depiction of adolescent sexuality.",Ireland,,,
The Country Girls,Edna O'Brien,1960,Novel,Banned by Ireland's censorship board in 1960 for its explicit sexual content.,Ireland,,,
The Lonely Girl (1962),Edna O'Brien,1962,Novel,"Banned in Ireland in 1962 after Archbishop John Charles McQuaid complained personally to Justice Minister Charles Haughey that it ""was particularly bad"".",Ireland,,,
The Dark,John McGahern,1965,Novel,Banned in Ireland for obscenity.,Ireland,,,
My Secret Garden,Nancy Friday,1973,Non-fiction,Banned in Ireland for its sexual content.,Ireland,,,
Fra Kristiania-Bohêmen,Hans Jæger,1885,Novel,Sexually explicit.,Norway,,,
Albertine,Christian Krohg,1886,Novel,Sexually explicit.,Norway,,,
Snorri the Seal (1941),Frithjof Sælen,1941,Fable,Satirical book banned during the German occupation of Norway.,Norway,,,
The Song of the Red Ruby,Agnar Mykle,1956,Novel,Sexually explicit. Ban lifted 1958.,Norway,,,
Without a Stitch,Jens Bjørneboe,1966,Novel,Sexually explicit. Ban never formally lifted.,Norway,,,
On the Origins and Perpetual Use of the Legislative Powers of the Apostolic Kings of Hungary in Matters Ecclesiastical (1764),Adam F. Kollár,1764,Political,Banned in the Papal States for arguments against the political role of the Roman Catholic Church. Original title: De Originibus et Usu perpetuo.,Papal States,,,
All Quiet on the Western Front,Erich Maria Remarque,1928,Fiction,Banned in Fascist Italy because of its antimilitarism (currently not banned).,Italy,,,
A Farewell to Arms,Ernest Hemingway,1929,Fiction,Banned in Fascist Italy for depicting the Italian Army's defeat at the Battle of Caporetto (currently this book is not banned).,Italy,,,
My Watch (2005),Olusegun Obasanjo,2014,Autobiography,Banned in Nigeria because this three-volume memoirs of the former Nigerian president were highly critical of nearly everyone in Nigerian politics. The books were ordered to be seized by the High Court in Nigeria until a libel case had been heard in court.,Nigeria,,,
The Satanic Verses (1988),Salman Rushdie,1988,Novel,Banned for blasphemy against Islam.,Iran,,,
The Gods Laugh on Mondays (1995),Reza Khoshnazar,1995,Novel,Was banned in Iran after men torched its publication house.,Iran,,,
The Fugitive (Perburuan) (1950),Pramoedya Ananta Toer,1950,Novel,"Banned in Indonesia in 1950, for containing ""subversive"" material, including an attempt to promote Marxist–Leninist thought and other Communist theories. As of 2006, the ban is still in effect.",Indonesia,,,
All Chinese literature,,1967,Literature and Culture,"Presidential Instruction No. 14/1967 (Inpress No. 14/1967) on Chinese Religion, Beliefs, and Traditions effectively banned any Chinese literature in Indonesia, including the prohibition of Chinese characters.",Indonesia,,,
The Satanic Verses (1988),Salman Rushdie,1988,Novel,Banned for blasphemy against Islam.,Indonesia,,,
Interest,Kevin Gaughen,2015,Novel,Banned by the government of Indonesia for subversive and/or anti-government themes.,Indonesia,,,
Lolita (1955),Vladimir Nabokov,1955,Novel,"Banned for being ""obscene""; uncensored in 1964.",New Zealand,,,
Borstal Boy,Brendan Behan,1958,Autobiographical novel,Banned shortly after its ban in Ireland in 1958. It was allowed to be published in New Zealand in 1963.,New Zealand,,,
The Peaceful Pill Handbook (2007),Philip Nitschke and Fiona Stewart,2007,Instructional manual on euthanasia,Initially banned in New Zealand by Office of Film & Literature Classification since it was deemed to be objectionable. In May 2008 an edited version of the book was allowed for sale if sealed and an indication of the censorship classification was displayed.,New Zealand,,,
Into the River (2012),Ted Dawe,2012,Novel,Banned in New Zealand in 2015; subsequently unrestricted in the same year.,New Zealand,,,
The Great Replacement (2019),Brenton Harrison Tarrant,2019,Manifesto,The Christchurch shooter's manifesto was banned shortly after it appeared on the internet in 2019.,New Zealand,,,
Notre ami le roi (1993),Gilles Perrault,1993,Biography of Hassan II of Morocco,"Banned in Morocco. This book is a biography of King Hassan and examines cases of torture, killing, and political imprisonment said to have been carried out by the Moroccan Government at his orders.",Morocco,,,
Le roi prédateur (2012),Catherine Graciet and Éric Laurent,2012,Investigative Journalism,"Banned in Morocco. This book makes allegedly ""defamatory"" accusations of corruption against Mohammed VI of Morocco, after investigating the exponential growth of his wealth.",Morocco,,,
Little Black Sambo (1899),Helen Bannerman,1899,Children's story,"Banned in Japan (1988–2005) to quell ""political threats to boycott Japanese cultural exports"", although the pictures were not those of the original version.",Japan,,,
Lysistrata (411 BC),Aristophanes,,Play,Banned in 1967 in Greece because of its anti-war message.,Greece,,,
Mein Kampf (1925),Adolf Hitler,1925,Political manifesto,Banned during the regime of Jorge Ubico along with anti-Hitler writings such as by those of Hermann Rauschning in order to encourage political neutrality in WWII.,Guatemala,,,
El Señor Presidente,Miguel Ángel Asturias,1946,Novel,Banned in Guatemala because it went against the ruling political leaders.,Guatemala,,,
The Satanic Verses (1988),Salman Rushdie,1988,Novel,Banned for blasphemy against Islam.,Kenya,,,
The Rape of Sita (1993),Lindsay Collen,1993,Novel,Banned for blasphemy against Hindu goddess.,Mauritius,,,
Sophie's Choice (1979),William Styron,1979,Novel,Banned in Lebanon for its positive depiction of Jews.,Lebanon,,,
Schindler's Ark (1982),Thomas Keneally,1982,Novel,Banned in Lebanon for its positive depiction of Jews.,Lebanon,,,
The Da Vinci Code,Dan Brown,2003,Novel,Banned in September 2004 in Lebanon after Catholic leaders deemed it offensive to Christianity. (See Inaccuracies in The Da Vinci Code.),Lebanon,,,
Grover's Eight Nights of Light,Jodie Shepherd,2017,Sesame Street book,Banned in 2017 for promoting Hanukkah.,Lebanon,,,
The Cover-up General,Edwin Giltay,2014,Non-fiction thriller,Banned in the Netherlands by court order in 2015 as a former spy of Dutch military intelligence claimed she was described falsely in this Srebrenica book. Ban lifted by the Court of Appeal of The Hague in 2016.,Netherlands,,,
The Satanic Verses (1988),Salman Rushdie,1988,Novel,Banned for blasphemy against Islam.,Nepal,,,
A Modern Approach to Social Studies (2010),Unknown,2010,School textbook,Banned for blasphemy against Islam.,Nepal,,,
Self Study Material on Nepal's Territory and Border (2020),"Ministry of Education, Science and Technology",2020,Map book,Banned for irredentist views regarding the country's neighbors.[failed verification],Nepal,,,
The Satanic Verses (1988),Salman Rushdie,1988,Novel,Banned for blasphemy against Islam.,Kuwait,,,
História do Mundo para as Crianças (pt),Monteiro Lobato,1933,Novel,"The books was banned by the Portuguese government without any clear reason. According to the author, one possible reason was because he was from the ""current of thought what claims that the discovery of Brazil happened 'by random'"" or by the fact he ""have registered the history of the 1600 years cut to the Arabian navy by Vasco da Gama"".",Portugal,,,
"New Portuguese Letters 
(Novas Cartas Portuguesas)","Maria Isabel Barreno, Maria Teresa Horta and Maria Velho da Costa",1972,,"Banned as ""pornographic and an offense to public morals""; authors charged with ""abuse of the freedom of the press"" and ""outrage to public decency""; uplifted after the Carnation Revolution in 1974.",Portugal,,,
Animal Farm,George Orwell,1945,Political novella,"In 2002, the novel was banned in the schools of the United Arab Emirates, because it contained text or images that would go against Islamic values, most notably an anthropomorphic, talking pig as the leader of the farm. However, the ban is no longer enforced and has been recently lifted.",United Arab Emirates,,,
Goat Days,Benyamin & Joseph Koyippally,2008,Novel,,United Arab Emirates,,,
The Sorrows of Young Werther,Johann Wolfgang von Goethe,1774,Novel,Banned by the authorities in the Austrian territories ruled by the Habsburg monarchy.,Austria,*Unknown*,*Unknown*,
Works,Karl Marx,1841–1883,Non-fiction,All of Marx's works were banned in Austria after the country was annexed by Nazi Germany.,Austria,1938,*Unknown*,
Works,Albert Einstein,1901–1938,Non-fiction,"All of Einstein's works published up to 1938 were banned in Austria, after it was annexed by Nazi Germany.",Austria,1938,*Unknown*,
Mein Kampf (1925),Adolf Hitler,1925,Political manifesto,"In Austria, the Verbotsgesetz 1947 prohibits the printing of the book. It is illegal to own[citation needed] or distribute existing copies. Following the general prohibition of advocating the Nazi Party or its aims in § 3 and of re-founding Nazi organizations in § 1, § 3 d. of the Verbotsgesetz states: ""Whoever publicly or before several people, in printed works, disseminated texts or illustrations requests, encourages or seeks to induce others to commit any of the acts prohibited under § 1 or § 3, especially if for this purpose he glorifies or advertises the aims of the Nazi Party, its institutions or its actions, provided that it does not constitute a more serious criminal offense, will be punished with imprisonment from five to ten years, or up to twenty years if the offender or his actions are especially dangerous.""",Austria,,,
Rangila Rasul (1927),Pandit M. A. Chamupati,1927,Religious,"Currently banned in India, Pakistan, and Bangladesh.",Bangladesh,,,
The Satanic Verses (1988),Salman Rushdie,1988,Novel,Banned for blasphemy against Islam. Salman received a fatwa for his alleged blasphemy,Bangladesh,,,
Naree (1992),Humayun Azad,1992,Criticism,"Banned in Bangladesh in 1995, though the ban was later lifted in 2000.",Bangladesh,,,
Lajja (1993),Taslima Nasrin,1993,Novel,"Banned in Bangladesh, and a few states of India. Other books by her were also banned in Bangladesh or in the Indian state of West Bengal. Amar Meyebela (My Girlhood, 2002), the first volume of her memoir, was banned by the Bangladeshi government in 1999 for ""reckless comments"" against Islam and the prophet Mohammad. Utal Hawa (Wild Wind), the second part of her memoir, was banned by the Bangladesh government in 2002. Ka (Speak up), the third part of her memoir, was banned by the Bangladeshi High Court in 2003. Under pressure from Indian Muslim activists, the book, which was published in West Bengal as Dwikhandita, was banned there also; some 3,000 copies were seized immediately. The decision to ban the book was criticised by ""a host of authors"" in West Bengal, but the ban was not lifted until 2005. Sei Sob Ondhokar (Those Dark Days), the fourth part of her memoir, was banned by the Bangladesh government in 2004.",Bangladesh,,,
The Devil's Discus,Rayne Kruger,1964,Non-fiction,Banned in Thailand in 2006 for violating the country's lese-majesté rules through its discussion of the murder of Thailand's king in 1946.[further explanation needed],Thailand,,,
The Satanic Verses (1988),Salman Rushdie,1988,Novel,Banned for blasphemy against Islam.,Thailand,,,
The King Never Smiles (2006),Paul M. Handley,2006,Biography,Banned in Thailand for its criticism of King Bhumibol Adulyadej.,Thailand,,,
Mirror of the Polish Crown (1618),Sebastian Miczyński,1618,Anti-Semitic pamphlet,"Because this pamphlet published in 1618 was one of the causes of the anti-Jewish riots in Cracow, it was banned by Sigismund III Vasa.",Poland,,,
Mein Kampf (1925),Adolf Hitler,1925,Political manifesto,Banned until 1992.,Poland,,,
Areopagitica,John Milton,1644,Essay,Banned in the Kingdom of England for political reasons.,United Kingdom,1644,1695,
Fanny Hill or Memoirs of a Woman of Pleasure,John Cleland,1748,Novel,Banned in the UK till after the Second World War.,United Kingdom,1749,,
Rights of Man,Thomas Paine,1791,Political theory,Banned in the UK and author charged with treason for supporting the French Revolution.,United Kingdom,1792,,
Despised and Rejected,Rose Laure Allatini (under the pseudonym A. T. Fitzroy),1918,Novel,"Banned under the UK's Defence of the Realm Act for criticizing Britain's involvement in World War I, and for sympathetically depicting male homosexuality.",United Kingdom,1918,1975,
Ulysses (1922),James Joyce,1922,Novel,Banned in the UK until 1936.,United Kingdom,,1936,
Lady Chatterley's Lover (1928),D. H. Lawrence,1928,Novel,Banned in the United Kingdom for violation of obscenity laws; the ban was lifted in 1960.[clarification needed],United Kingdom,,1960,
The Well of Loneliness (1928),Radclyffe Hall,1928,Novel,Banned in the UK in 1928 for its lesbian theme; republished in 1949.,United Kingdom,1928,1949,
Boy,James Hanley,1931,Novel,Proscuted in 1934 after Hanley's publisher Boriswood lost a court case against a charge of obscenity. Reprinted in 1992 by Penguin Books and André Deutsch.,United Kingdom,1934,1992,
Lolita,Vladimir Nabokov,1955,Novel,"Banned for being ""obscene"".",United Kingdom,1955,1959,
Last Exit to Brooklyn,Hubert Selby Jr.,1966 (in the UK),Anthology of short stories,"Banned in Soho for frank depictions of taboo subjects, such as drug use, street violence, homosexuality, gender identity and domestic violence.",United Kingdom,1967,1968,
Spycatcher,Peter Wright,1985,Autobiography,Banned in the UK 1985–1988 for revealing secrets. Wright was a former MI5 intelligence officer and his book was banned before it was even published in 1987.,United Kingdom,1985,1988,
Lord Horror,David Britton,1990,Novel,Banned in England in 1991 where it was found obscene; it is currently the last book to be banned in the UK. The judge ordered the remaining print run to be destroyed. The ban was lifted in the Appeal Court in July 1992 but the book remains out of print.,United Kingdom,1991,1992,
The Anarchist Cookbook,William Powell,1971,Instructional,Criminal due to containing information useful to terrorists.,United Kingdom,*Unknown*,*Unknown*,
Kill or Get Killed,Rex Applegate,1976,Instructional,Criminal due to containing information useful to terrorists.,United Kingdom,*Unknown*,*Unknown*,
Put 'Em Down. Take 'Em Out. Knife Fighting Techniques From Folsom Prison,Don Pentecost,*Unknown*,Instructional,Criminal due to containing information useful to terrorists.,United Kingdom,*Unknown*,*Unknown*,
The Boys,Garth Ennis,2012,Comic book series,Banned in Qatar in 2012.[further explanation needed],Qatar,,,
The Man Who Wouldn't Stand Up (2012),Jacob M. Appel,2012,Novel,Banned in Qatar in 2014 for its depiction of Islam.,Qatar,,,
Love Comes Later (2014),Mohanalakshmi Rajakumar,2014,Novel,Banned in Qatar.,Qatar,,,
The Mountain Wreath (1847),Petar II Petrović-Njegoš,1847,Drama in verse,Banned in Bosnian schools by Carlos Westendorp.[citation needed],Bosnia and Herzegovina,,,
"Uitgeverij Guggenheimer
(""Guggenheimer Publishers"") (1999)",Herman Brusselmans,1999,Novel,Banned in Belgium because this satirical novel offended fashion designer Ann Demeulemeester by making derogatory remarks about her personal looks and profession. A court decided the book was an insult to the individual's private life and ordered it to be removed from the stores.,Belgium,,,
Thalia,Arius (AD 250 or 256 – 336),,"Theological tract, partly in verse","Banned in the Roman Empire in the 330s+ for contradicting Trinitarianism. All of Arius writings were ordered burned and Arius exiled, and presumably assassinated for his writings. Banned by the Catholic Church for the next thousand plus years.[citation needed]",Roman Empire,,,
The Decameron,Giovanni Boccaccio,1353,Story collection,"Banned from US mail under the Federal Anti-Obscenity Act (Comstock Law) of 1873, which banned the sending or receiving of works containing ""obscene"", ""filthy"", or ""inappropriate"" material.",United States,,,
The Canterbury Tales,Geoffrey Chaucer,late 14th century,Story collection,"Banned from US mail under the Federal Anti-Obscenity Act (Comstock Law) of 1873, which banned the sending or receiving of works containing ""obscene"", ""filthy"", or ""inappropriate"" material. U.S. obscenity laws were overturned in 1959 by the Supreme Court in Kingsley Pictures Corp. v. Regents.",United States,,,
The Meritorious Price of Our Redemption (1650),William Pynchon,1650,Religious critique,"The first book banned in the New World. Pynchon, a prominent leader of the Massachusetts Bay Colony who, in 1636, founded the City of Springfield, Massachusetts, wrote this explicit critique of Puritanism, published in London in 1650. That year, several copies made their way back to the New World. Pynchon, who resided in Springfield, was unaware that his book suffered the New World's first book burning, on the Boston Common. Accused of heresy by the Massachusetts General Court, Pynchon quietly transferred ownership of the Connecticut River Valley's largest land-holdings to his son, and then suffered indignities as he left the New World for England. It was the first work banned in Boston.",United States,,,
Moll Flanders or The Fortunes and Misfortunes of the Famous Moll Flanders (1722),Daniel Defoe,1722,Novel,"Banned from US mail under the Federal Anti-Obscenity Act (Comstock Law) of 1873, which banned the sending or receiving of works containing ""obscene"", ""filthy"", or ""inappropriate"" material. U.S. obscenity laws were overturned in 1959 by the Supreme Court in Kingsley Pictures Corp. v. Regents.",United States,,,
Fanny Hill or Memoirs of a Woman of Pleasure,John Cleland,1748,Novel,"Banned in the US in 1821 for obscenity, then again in 1963. This was the last book ever banned by the US government. U.S. obscenity laws were overturned in 1959 by the Supreme Court in Kingsley Pictures Corp. v. Regents. See also Memoirs v. Massachusetts.",United States,,,
Candide,Voltaire,1759,Novel,Seized by US Customs in 1930 for obscenity. U.S. obscenity laws were overturned in 1959 by the Supreme Court in Kingsley Pictures Corp. v. Regents.,United States,,,
Uncle Tom's Cabin (1852),Harriet Beecher Stowe,1852,Novel,"Banned in the Confederate States during the Civil War because of its anti-slavery content. In 1852, Uncle Tom's Cabin was banned in Russia in the reign of Nicholas I because of the idea of equality it presented, and for its ""undermining religious ideals"".",United States,,,
Elmer Gantry,Sinclair Lewis,1927,Novel,"Banned in Boston, Massachusetts, Kansas City, Missouri, Camden, New Jersey, and other US cities, this novel by Sinclair focused on religiosity and hypocrisy in the United States during the 1920s by depicting a preacher (the Reverend Dr. Elmer Gantry) as a protagonist who preferred easy money, alcohol, and ""enticing young girls"" to saving souls, while converting a traveling tent revival crusade into a profitable and permanent evangelical church and radio empire for his employers. Elmer Gantry also widely denounced from pulpits across the United States at the time of its initial publication. U.S. obscenity laws were overturned in 1959 by the Supreme Court in Kingsley Pictures Corp. v. Regents.",United States,,,
Lady Chatterley's Lover (1928),D. H. Lawrence,1928,Novel,Temporarily banned in the United States for violation of obscenity laws; the ban was lifted in 1959.[clarification needed],United States,,,
Tropic of Cancer (1934),Henry Miller,1934,Novel (fictionalized memoir),"Banned in the US in the 1930s until the early 1960s, seized by US Customs for sexually explicit content and vulgarity. The rest of Miller's work was also banned by the US. Also banned in South Africa until the late 1980s.",United States,,,
The Grapes of Wrath (1939),John Steinbeck,1939,Novel,"Was temporarily banned in many places in the US. In the state of California in which it was partially set, it was banned for its alleged unflattering portrayal of residents of the area.",United States,,,
Forever Amber (1944),Kathleen Winsor,1944,Novel,Banned in fourteen states in the US. Ban was lifted by an appeals court judge.,United States,,,
Memoirs of Hecate County (1946),Edmund Wilson,1946,Novel,Banned in the state of New York by the Supreme Court.,United States,,,
Howl (1955),Allen Ginsberg,1955,Poem,"Copies of the first edition seized by San Francisco Customs for obscenity in March 1957; after trial, obscenity charges were dismissed.",United States,,,
Naked Lunch (1959),William S. Burroughs,1959,Novel,"Banned by Boston courts in 1962 for obscenity, but that decision was reversed in 1966 by the Massachusetts Supreme Judicial Court.",United States,,,
Pedagogy of the Oppressed,Paulo Freire,1968,Educative Theory,"Banned in Tucson, Arizona.",United States,,,
"United States – Vietnam Relations, 1945–1967: A Study Prepared by the Department of Defense (1971)",Robert McNamara and the United States Department of Defense,1971,Government study,Also known as the Pentagon Papers. US President Nixon attempted to suspend publication of classified information. The restraint was lifted by the US Supreme Court in a 6–3 decision. See also New York Times Co. v. United States.,United States,,,
The Federal Mafia,Irwin Schiff,1992,Non-fiction,An injunction was issued by a US District Court in Nevada under 26 U.S.C. § 7408 against Irwin Schiff and associates Cynthia Neun and Lawrence Cohen against the sale of this book by those persons as the court found that the information it contains is fraudulent.,United States,,,
60 Years Later: Coming through the Rye,John David California,2009,Novel,"An unauthorized sequel to J. D. Salinger's The Catcher in the Rye. Salinger succeeded in obtaining a court injunction which indefinitely banned the publication, advertising or distribution of the book in the United States, though it has been published in other countries.[citation needed]",United States,,,
Operation Dark Heart (2010) – oop,Army Reserve Lt. Col. Anthony Shaffer,2010,Memoir,"In September 2010 the U.S. Department of Defense (DoD) overrode the Army's January approval for publication. The DoD then purchased and destroyed all 9,500 first edition copies, citing concerns that it contained classified information which could damage national security. The publisher, St. Martin's Press, in conjunction with the DoD created a second, redacted edition; which contains blacked out words, lines, paragraphs, and portions of the index.",United States,,,
Various works,Shen Congwen,1902–1988,Novels,"""Denounced by the Communists and Nationalists alike, Mr. Shen saw his writings banned in Taiwan, while mainland China publishing houses burned his books and destroyed printing plates for his novels.""",Taiwan,,,
"Value, Price and Profit",Karl Marx,1865,Non-fiction,Banned under the Internal Security (Prohibition of Publications) (Consolidation) Order.,Singapore,,,
"Origin of Family, Private Property and State",Friedrich Engels,1884,Non-fiction,Banned under the Internal Security (Prohibition of Publications) (Consolidation) Order.,Singapore,,,
"One Step Forward, Two Steps Back",Vladimir Lenin,1904,Non-fiction,Banned under the Internal Security (Prohibition of Publications) (Consolidation) Order.,Singapore,,,
Theories of Surplus Value,Karl Marx,1905,Non-fiction,Banned under the Internal Security (Prohibition of Publications) (Consolidation) Order.,Singapore,,,
Two Tactics of Social Democracy in the Democratic Revolution,Vladimir Lenin,1905,Non-fiction,Banned under the Internal Security (Prohibition of Publications) (Consolidation) Order.,Singapore,,,
Anarchism or Socialism?,Joseph Stalin,1907,Non-fiction,Banned under the Internal Security (Prohibition of Publications) (Consolidation) Order.,Singapore,,,
Fundamental Problems of Marxism,Georgi Plekhanov,1908,Political pamphlet,Banned under the Internal Security (Prohibition of Publications) (Consolidation) Order.,Singapore,,,
Heroines of the Modern Progress,Elmer C. Adams,1913,Non-fiction,Banned under the Internal Security (Prohibition of Publications) (Consolidation) Order.,Singapore,,,
The Right of Nations to Self-Determination,Vladimir Lenin,1914,Non-fiction,Banned under the Internal Security (Prohibition of Publications) (Consolidation) Order.,Singapore,,,
What Is to Be Done?,Vladimir Lenin,1917,Non-fiction,Banned under the Internal Security (Prohibition of Publications) (Consolidation) Order.,Singapore,,,
"Imperialism, the Highest Stage of Capitalism",Vladimir Lenin,1917,Non-fiction,Banned under the Internal Security (Prohibition of Publications) (Consolidation) Order.,Singapore,,,
State and Revolution,Vladimir Lenin,1917,Non-fiction,Banned under the Internal Security (Prohibition of Publications) (Consolidation) Order.,Singapore,,,
The Proletarian Revolution and the Renegade Kautsky,Vladimir Lenin,1918,Non-fiction,Banned under the Internal Security (Prohibition of Publications) (Consolidation) Order.,Singapore,,,
Friedrich Engels: A Biography,Gustav Mayer,1920,Biography,Banned under the Internal Security (Prohibition of Publications) (Consolidation) Order.,Singapore,,,
"""Left-Wing"" Communism: An Infantile Disorder",Vladimir Lenin,1920,Non-fiction,Banned under the Internal Security (Prohibition of Publications) (Consolidation) Order.,Singapore,,,
On Cooperation,Vladimir Lenin,1923,Non-fiction,Banned under the Internal Security (Prohibition of Publications) (Consolidation) Order.,Singapore,,,
Problems of Leninism,Joseph Stalin,1926,Non-fiction,Banned under the Internal Security (Prohibition of Publications) (Consolidation) Order.,Singapore,,,
"Time, Forward!",Valentin Katayev,1932,Novel,Banned under the Internal Security (Prohibition of Publications) (Consolidation) Order.,Singapore,,,
How the Steel Was Tempered,Nikolai Ostrovsky,1936,Novel,Banned under the Internal Security (Prohibition of Publications) (Consolidation) Order.,Singapore,,,
Marxism and the National and Colonial Question,Joseph Stalin,1937,Non-fiction,Banned under the Internal Security (Prohibition of Publications) (Consolidation) Order.,Singapore,,,
Combat Liberalism,Mao Zedong,1937,Non-fiction,Banned under the Internal Security (Prohibition of Publications) (Consolidation) Order.,Singapore,,,
The A to Z of the Soviet Union,Alex Page,1946,Non-fiction,Banned under the Internal Security (Prohibition of Publications) (Consolidation) Order.,Singapore,,,
Aspects of China's Anti-Japanese Struggle,Mao Zedong,1948,Non-fiction,Banned under the Internal Security (Prohibition of Publications) (Consolidation) Order.,Singapore,,,
The Case for Communism,William Gallacher,1949,Non-fiction,Banned under the Internal Security (Prohibition of Publications) (Consolidation) Order.,Singapore,,,
Twilight of World Capitalism,William Z. Foster,1949,Non-fiction,Banned under the Internal Security (Prohibition of Publications) (Consolidation) Order.,Singapore,,,
Concerning Marxism in Linguistics,Joseph Stalin,1950,Non-fiction,Banned under the Internal Security (Prohibition of Publications) (Consolidation) Order.,Singapore,,,
The Social and State Structure of the USSR,Alexander Karpinsky,1952,Non-fiction,Banned under the Internal Security (Prohibition of Publications) (Consolidation) Order.,Singapore,,,
The Satanic Verses,Salman Rushdie,1988,Novel,Banned in 1989 for blasphemy against Islam.,Singapore,,,
What Islam Is All About,Yahiya Emerick,1997,Religious education,"Banned in 2018 for ""promoting enmity among different religious communities"".",Singapore,,,
The Wisdom of Jihad,Abuhuraira Abdurrahman,2005,Non-fiction,"Banned in 2018 for ""promoting enmity among different religious communities"".",Singapore,,,
Things that Nullify One's Islaam,Shaykh al-Islaam Muhammad ibn 'Abdil-Wahhaab,2013,Non-fiction,"Banned in 2018 for ""promoting enmity among different religious communities"".",Singapore,,,
Red Lines: Political Cartoons and the Struggle Against Censorship,Cherian George and Sonny Liew,2021,Non-fiction,Banned in 2021 for offensive content against Muslims.,Singapore,,,
Lolita (1955),Vladimir Nabokov,1955,Novel,"Banned for being ""obscene"".",Argentina,,,
The Decameron,Giovanni Boccaccio,1353,Story collection,Banned in Australia from 1927 to 1936 and from 1938 to 1973.,Australia,1927,1936,
The 120 Days of Sodom (1789),Marquis de Sade,1789,Novel,Banned by the Australian Government in 1957 for obscenity.,Australia,1957,*Unknown*,
Droll Stories,Honoré de Balzac,1837,Short stories,Banned for obscenity from 1901 to 1923 and 1928 to c.1973.,Australia,"1901, 1928","1923, 1973",
The Straits Impregnable,Sydney Loch,1916,Fictionalised Autobiography,"First edition published as a novel, second edition banned by the military censor in Australia under regulations of the War Precautions Act 1914.",Australia,1914,*Unknown*,
Lady Chatterley's Lover (1928),D. H. Lawrence,1928,Novel,Banned from 1929 to 1965.,Australia,1929,1965,
Rowena Goes Too Far (1931),H. C. Asterley,1931,Novel,"Banned in Australia because of customs belief that it ""lacked sufficient claim to the literary to excuse the obscenity""",Australia,*Unknown*,*Unknown*,
Brave New World,Aldous Huxley,1932,Novel,Banned in Australia from 1932 to 1937.,Australia,1932,1937,
The Cautious Amorist,Norman Lindsay,1932,Novel,Banned in Australia from 1933 to 1953.,Australia,1933,1953,
Age of Consent,Norman Lindsay,1938,Novel,"Banned in Australia, briefly, in 1938.",Australia,1938,by 1939,
Forever Amber (1944),Kathleen Winsor,1944,Novel,"Banned by Australia in 1945 as ""a collection of bawdiness, amounting to sex obsession.""",Australia,1945,*Unknown*,
Borstal Boy,Brendan Behan,1958,Autobiographical novel,Banned shortly after its ban in Ireland in 1958.,Australia,1958,*Unknown*,
Another Country,James Baldwin,1962,Novel,"Banned in Australia by the Commonwealth Customs Department in February 1963. The Literature Censorship Board described it as ""continually smeared with indecent, offensive and dirty epithets and allusions,"" but recommended that the book remain available to ""the serious minded student or reader."" The ban was lifted in May 1966.",Australia,1963,1966,
Ecstasy and Me,Hedy Lamarr,1966,Autobiography,Banned in Australia from 1967 until 1973.,Australia,1967,1973,
The World Is Full of Married Men (1968),Jackie Collins,1968,Novel,Banned in Australia in 1968.,Australia,1968,*Unknown*,
The Stud (1969),Jackie Collins,1969,Novel,Banned in Australia in 1969.[further explanation needed],Australia,1969,*Unknown*,
The Anarchist Cookbook,William Powell,1971,Instructional,Banned in Australia.[further explanation needed],Australia,*Unknown*,*Unknown*,
How to make disposable silencers (1984),Desert and Eliezer Flores,1984,Instructional,"An example of a class of books banned in Australia that ""promote, incite or instruct in matters of crime or violence"".",Australia,*Unknown*,*Unknown*,
American Psycho,Bret Easton Ellis,1991,Novel,Sale and purchase was banned in the Australian State of Queensland. Now available in public libraries and for sale to people 18 years and older. Sale restricted to persons at least 18 years old in the other Australian states.,Australia,1991,1992 (ages 18+) *Unknown* (younger than 18),
A Sneaking Suspicion (1995),John Dickson,1995,Religious text,"Banned by the New South Wales Department of Education and Communities from state schools May 6, 2015, on the basis of a ""potential risk to students in the delivery of this material, if not taught sensitively and in an age appropriate manner."" The ban was lifted May 18, 2015.",Australia,2015,2015,
The Peaceful Pill Handbook (2007),Philip Nitschke and Fiona Stewart,2007,Instructional manual on euthanasia,The book was initially restricted in Australia: after review the 2007 edition was banned outright.,Australia,2007,2007,
You: An Introduction (2008),Michael Jensen,2008,Religious text,"Banned by the New South Wales Department of Education and Communities from state schools May 6, 2015, on the basis of a ""potential risk to students in the delivery of this material, if not taught sensitively and in an age appropriate manner."" The ban was lifted May 18, 2015.",Australia,2015,2015,
"No Game No Life (Volumes 1, 2, 9)",Yuu Kamiya,2012–2016,Novel,"Light novel volumes banned in Australia due to depiction which ""in a way that is likely to cause offence to a reasonable adult, a person who is, or appears to be, a child under 18"".",Australia,2020,*Unknown*,
The Satanic Verses (1988),Salman Rushdie,1988,Novel,Banned for blasphemy against Islam.,Senegal,,,
The Satanic Verses (1988),Salman Rushdie,1988,Novel,Banned for blasphemy against Islam.,Tanzania,,,
New World Translation,New World Bible Translation Committee,1961,Bible Translation,"In 2015, Russia banned import of the Jehovah's Witnesses' New World Translation of the Holy Scriptures.",Russia,,,
Quran,Unknown,,Religious text,"In 2013, a Russian court censored the text under the country's 'extremism' laws.",Russia,,,
Rights of Man (1791),Thomas Paine,1791,Political theory,Banned in Tsarist Russia after the Decembrist revolt.,Russia,,,
The Communist Manifesto,Karl Marx and Friedrich Engels,1848,Political Manifesto,"Prohibited by several countries, including Tsarist Russia.",Russia,,,
Works,Friedrich Nietzsche,1872–1901,Non-fiction,"Banned in Soviet Union since 1923 on proposal of Nadezhda Krupskaya. All works were placed on the list of forbidden books and kept in libraries only for restricted, authorized use.",Russia,,,
Looking Backward,Edward Bellamy,1888,Novel,Prohibited by the Tsarist Russian censors.,Russia,,,
The Protocols of the Elders of Zion (1903),Unknown,1903,"A forgery, portraying a Jewish conspiracy to take over the world","Banned in various libraries and many attempts to ban in various nations, such as in Russia.[citation needed]",Russia,,,
Mein Kampf (1925),Adolf Hitler,1925,Political manifesto,Banned in the Russian Federation as extremist.,Russia,,,
Animal Farm,George Orwell,1945,Political novella,"Completed in 1943, Orwell found that no publisher would print the book, due to its criticism of the USSR, an important ally of Britain in the War. Once published, the book was banned in the USSR and other communist countries.",Russia,,,
Nineteen Eighty-Four (1949),George Orwell,1949,Novel,"Banned by the Soviet Union in 1950, as Stalin understood that it was a satire based on his leadership. It was not until 1990 that the Soviet Union legalised the book and it was re-released after editing.",Russia,,,
Doctor Zhivago,Boris Pasternak,1955–1988,Novel,"Banned in the Soviet Union until 1988 for criticizing life in Russia after the Russian Revolution. When its author, Boris Pasternak, won the Nobel Prize for Literature in 1958 he was forced to reject it under government pressure.",Russia,,,
One Day in the Life of Ivan Denisovich (1962),Alexander Solzhenitsyn,1962,Novel,Banned from publication in the Soviet Union in 1964.,Russia,,,
The First Circle (1968),Aleksandr Solzhenitsyn,1968,Novel,"After Nikita Khrushchev was removed from power in 1964, all extant and forthcoming works by Aleksandr Solzhenitsyn were banned in the Soviet Union. This work details the lives of scientists forced to work in a Stalinist research center.",Russia,,,
The Gulag Archipelago (1973),Aleksandr Solzhenitsyn,1973,Non-fiction,"Banned in the Soviet Union because it went against the image the Soviet Government tried to project of itself and its policies. However, it has been available in the former Soviet Union since at least the 1980s. In 2009, the Education Ministry of Russia added The Gulag Archipelago to the curriculum for high-school students.",Russia,,,
Apocalypse Culture,Adam Parfrey,1987,Non-fiction,"Collection of articles, interviews, and documents that explore the various marginal aspects of culture. It was banned in Russia in July 2006 by court order for propaganda of drug use, owing to inclusion of David Woodard's essay ""The Ketamine Necromance"", after its first and only Russian publication by Ultra.Kultura (Ультра.Культура).  All printed copies of that Russian edition were destroyed.",Russia,,,
The Bible,see Authorship of the Bible,see Dating the Bible,Religious text,"Spanish translations of the Bible were prohibited in Spain from the sixteenth until the nineteenth century. In 1234, King James I of Aragon ordered the burning of Bibles in the vernacular.",Spain,,,
Works,Johannes Kepler,1596–1634,Non-fiction,Banned by Habsburg Monarchy of Spain for perceived heresy.,Spain,,,
Works,Voltaire,1727–1778,"Novels, Plays, Non-fiction","Voltaire's entire body of work was banned by the Bourbon Monarchy of Spain, after it was condemned by the Spanish Inquisition.",Spain,,,
Works,Vicente Blasco Ibáñez,1892–1928,"Novels, Non-fiction",All of Blasco Ibáñez's books were banned by the Franco government in 1939.,Spain,,,
A Short History of the World,H. G. Wells,1922,Non-fiction,"An expanded, Spanish-language translation of A Short History of the World, discussing recent world events, was banned by Spanish censors in 1940. This edition of A Short History was not published in Spain until 1963. In two 1948 reports, Spanish censors gave a list of objections to the books's publication. These were that the book ""shows socialist inclinations, attacks the Catholic Church, gives a twisted interpretation of the Spanish Civil War and the Spanish National Movement, and contains 'tortuous concepts'.""",Spain,,,
Ulysses,James Joyce,1922,Novel,The complete 1945 Spanish-language translation of Ulysses was suppressed by the Spanish authorities until 1962.,Spain,,,
The Story of Ferdinand,Munro Leaf,1936,Children's fiction,Banned in Francoist Spain.,Spain,,,
Homage to Catalonia,George Orwell,1938,Non-fiction,Banned in Francoist Spain for its support of the Republican faction during the Spanish Civil War.,Spain,,,
For Whom The Bell Tolls,Ernest Hemingway,1940,Novel,Suppressed by the Spanish authorities until 1968.,Spain,,,
Works,Federico García Lorca,1939,"Poetry, drama",Banned until 1954; published in Argentina.,Spain,,,
You Can't Be Too Careful,H. G. Wells,1941,Novel,"Banned in Francoist Spain for criticizing Christianity, and for mentioning the Bombing of Guernica by the Axis air forces.",Spain,,,
The Spanish Labyrinth,Gerald Brenan,1943,Non-fiction,Banned in Francoist Spain because of its strong criticism of the Nationalist Faction's actions during the Spanish Civil War.,Spain,,,
The Second Sex,Simone de Beauvoir,1949,Non-fiction,Banned in Francoist Spain for its advocacy of feminism.,Spain,,,
The Hive,Camilo José Cela,1950,Fiction,Banned by censors of Francoist Spain.,Spain,,,
The Spanish Civil War,Hugh Thomas,1961,Non-fiction,"Banned by censors of Francoist Spain for its negative depiction of the Nationalist Faction during the Civil War, and its critique of the Franco regime.",Spain,,,
The Death of Lorca,Ian Gibson,1971,Biography,Banned briefly in Spain.,Spain,,,
Përbindëshi (The Monster) (1965),Ismail Kadare,,Novel,Banned for 25 years in Albania.,Albania,,,1965–1990
The Satanic Verses (1988),Salman Rushdie,1988,Novel,Banned for blasphemy against Islam.,Sri Lanka,,,
Queen of Sheba and Biblical Scholarship,Bernard Leeman,,History,Currently banned in Saudi Arabia for suggesting the Hebrews originated in Yemen and their Israelite successors established their original pre-586 B.C.E. kingdoms of Israel and Judah between Medina and Yemen.[citation needed],Saudi Arabia,,,
Goat Days,Benyamin & Joseph Koyippally,2008,Novel,Currently banned in Saudi Arabia.,Saudi Arabia,,,
Fazail-e-Amaal,Muhammad Zakariya Kandhlawi,Sometime between the 1920s and 1950s,Sufi evangalism,Currently banned in Saudi Arabia.,Saudi Arabia,,,
Frankenstein (1818),Mary Shelley,1818,Novel,"Banned in apartheid South Africa in 1955 for containing ""obscene"" or ""indecent"" material.",South Africa,,,
"""The Lottery"" (1948)",Shirley Jackson,1948,Short story,Banned in South Africa during Apartheid.,South Africa,,,
Lolita (1955),Vladimir Nabokov,1955,Novel,"Banned for being ""obscene"".",South Africa,,,
A World of Strangers,Nadine Gordimer,1958,Novel,Banned in South Africa because of its criticism of Apartheid.,South Africa,,,
Why We Can't Wait,Martin Luther King Jr.,1964,Non-fiction,Banned in South Africa because of its criticism of white supremacy.,South Africa,,,
The First Book of Africa,Langston Hughes,1964,Non-fiction; Children's book,Banned in South Africa for its celebration of Black African culture.,South Africa,,,
The Autobiography of Malcolm X,Malcolm X with Alex Haley,1965,Non-fiction,Banned in South Africa because of its criticism of white supremacy.,South Africa,,,
Black Power: The Politics of Liberation,Stokely Carmichael and Charles V. Hamilton,1967,Non-fiction,Banned in South Africa because of its criticism of white supremacy.,South Africa,,,
Soul on Ice,Eldridge Cleaver,1968,Non-fiction,"Banned in South Africa because of its criticism of white supremacy, and its sexual content.",South Africa,,,
The Satanic Bible (1969),Anton LaVey,1969,Religious text,Banned during apartheid in South Africa from 1973 to 1993 for moral reasons.,South Africa,,,
The Struggle Is My Life,Nelson Mandela,1978,Non-fiction,Banned in Apartheid South Africa until 1990.,South Africa,,,
Burger's Daughter,Nadine Gordimer,1979,Novel,Banned in South Africa in July 1979 for going against the government's racial policies; the ban was reversed in October of the same year.,South Africa,,,
July's People (1981),Nadine Gordimer,1981,Novel,Banned during the Apartheid-era in South Africa. July's People is now included in the South African school curriculum.,South Africa,,,
"The Nickel-Plated-Feet Gang During the Occupation
(Les Pieds nickelés dans le maquis)",Successors of Louis Forton,1879–1934,Comic book,Banned in Yugoslavia by court order in 1945.,Yugoslavia,,,
About a Silence in Literature,Živorad Stojković,,Essay,Banned in Yugoslavia by court order in 1951.[citation needed],Yugoslavia,,,
The New Class: An Analysis of the Communist System (1957),Milovan Đilas,1957,,"Banned in Yugoslavia by court order in 1957; author sentenced for enemy propaganda to seven years in prison, prolonged to 13 years in 1962.",Yugoslavia,,,
Curved River,Živojin Pavlović,1963,Story collection,In 1963 in Yugoslavia withdrawn by the publisher (Nolit) at request of SDB officials.,Yugoslavia,,,
Dictionary of Modern Serbo-Croatian Language,Miloš Moskovljević,,Dictionary,"Banned in Yugoslavia by court order in 1966, at request of Mirko Tepavac, because ""some definitions can cause disturbance among citizens"".",Yugoslavia,,,
A Message to Man and Humanity,Aleksandar Cvetković,,,"Banned in Yugoslavia by court order in 1967 for ""false and wicked claims, and enemy propaganda that supports pro-Chinese politics"".",Yugoslavia,,,
On Fierce Wound – Fierce Herb,Ratko Zakić,,,"Withdrawn from sales and destroyed after the decision of the Municipal Committee of the League of Communists of Kraljevo in Kraljevo, Yugoslavia in 1967.",Yugoslavia,,,
Thoughts of a Corpse,Prvoslav Vujčić,,Poems,Banned in Yugoslavia by court order in 1983; republished in 2004.,Yugoslavia,,,
Storytellers II,Boško Novaković,,Short stories,Withdrawn from print in Yugoslavia in 1964 because it contained stories by Dragiša Vasić.,Yugoslavia,,,
Castration of the Wind,Prvoslav Vujčić,,Poems,Written in Tuzla prison in 1984. Banned in Yugoslavia by court order in 1984; republished in 2005.,Yugoslavia,,,
Hind Swaraj or Indian Home Rule,Mahatma Gandhi,1909,,The Gujarati translation of Hind Swaraj was banned by the British authorities on its publication in India.,India,,,
Rangila Rasul,Pandit M. A. Chamupati or Krishan Prashaad Prataab,1924,,"In May 1924, this Urdu booklet was published in Lahore. The booklet purportedly described Prophet Muhammad's relationship with women. The publisher, Raj Pal, was charged under 153A of the Indian Penal Code for hate speech by the Punjab government. The final disposition came in May 1927. The court declared that law does not prohibit satirical writings about the deceased and the publisher was acquitted with a warning. On 6 April 1929, the publisher was murdered. The murderer, a Muslim youth named Ilm-ud-din, was sentenced to death and the sentenced was carried out on 31 October 1929. Ilm-ud-din's defence lawyer was Muhammad Ali Jinnah.",India,,,
Hindu Heaven,Max Wylie,1934,,"It cannot be brought into India. Max Wylie, the creator The Flying Nun TV show, researched this book while teaching in Lahore. The novel questioned the work of American missionaries in India. It also dealt with the harsh effects of the climate on the missionaries.",India,,,
Angarey,Various,1933,,"This collection of stories by Sajjad Zaheer, Ahmed Ali, Rashid Jahan and Mahmud-uz-Zafar was published in 1932. It drew protests from Muslim religious leaders. In 1933, it was banned by the British colonial government.",India,,,
The Face of Mother India,Katherine Mayo,1936,,"It cannot be imported into India. In 1927, Gandhi wrote a review of the book titled ""Drain Inspector Report"" which was published in the Young India.",India,,,
Old Soldier Sahib,Frank Richards,1936,,The book cannot be imported into India. The book is a memoir of the author's time in British India as a veteran soldier.,India,,,
The Land of the Lingam,Arthur Miles,1937,,"It cannot be imported into India. The book is about Hinduism, caste and phallicism.",India,,,
Mysterious India,Moki Singh,1940,,The book cannot be imported into India. The book purportedly contained stereotypes.,India,,,
The Scented Garden: Anthropology of the Sex Life in the Levant,Bernhard Stern,1945,,This book cannot be imported into India. This is a book about sexual practices and marriage rites of the people of Middle East (Levant). The book was allegedly sexually explicit.,India,,,
Pakistan-Pasmanzarwa Peshmanzar,Hameed Anwar,1950,,"This book, originally in Urdu, cannot be imported into India.",India,,,
Cease-Fire,Agha Babar,1950,,"This book, originally in Urdu, cannot be imported into India.",India,,,
Khaak aur Khoon,Nusseim Hajazi,1950,,"This book, originally in Urdu, cannot be imported into India.",India,,,
Chadramohini,,1952,,"This book, originally in Urdu, cannot be imported into India.",India,,,
Marka-e-Somnath,Maulana Muhammad Sadiq Hussain Sahab Sadiq Siddiqui Sardanvi,1952,,"This book, originally in Urdu, is a Pakistani treatise on Somnath and it cannot be imported into India.",India,,,
Bhupat Singh,Kaluwank Ravatwank,1954,,"This book, originally in Gujarati, cannot be imported into India.",India,,,
What has Religion done for Mankind,,1954,,This book cannot be imported into India. This is a book published by the Watch Tower Bible and Tract Society. This book tries to refute Eastern religions.,India,,,
Rama Retold,Aubrey Menen,1955,,This book cannot be imported into India. It was a play which was a spoof of the Ramayana. It was one of the first books to be banned in independent India. The American edition was simply called The Ramayana.,India,,,
Dark Urge,Robert W. Taylor,1955,,This book cannot be imported into India.,India,,,
Captive Kashmir: Story of a Betrayed and Enslaved People,Aziz Beg,1958,,This book is highly critical of India's stand on Kashmir. This book cannot be imported into India.,India,,,
The Heart of India,Alexander Campbell,1959,,This book cannot be imported into India. Alexander Campbell was Time magazine's New Delhi correspondent. The book is a fictionalized and humorous account of Indian bureaucracy and economic policies.,India,,,
The Lotus and the Robot,Arthur Koestler,1960,,This book contains the author's experiences in India and Japan. The book was highly critical of the cultures of both nations. The book was banned for its negative portrayal of Gandhi.,India,,,
Nine Hours to Rama,Stanley Wolpert,1962,,"This book cannot be imported into India. The book and the movie based on it, both were banned in India. The book points to the lapse in security.",India,,,
Nepal,Toni Hagen,1963,,This book cannot be imported into India.,India,,,
Ayesha,Kurt Frischler,1963,,This book is alleged to hurt Muslim sentiments. This book cannot be imported into India. The original German title was Aischa: Mohammed's Lieblingfrau (Aischa: Mohammed's Favorite Wife).,India,,,
Unarmed Victory,Bertrand Russell,1963,,The book dealt with the Sino-Indian War and showed involved political leaders in poor light.,India,,,
An Area of Darkness,V. S. Naipaul,1964,,Banned for its negative portrayal of India and its people.,India,,,
The Jewel in the Lotus,Allen Edwardes,1968,,This book cannot be imported into India. Allen Edwardes was the pen-name of a scholar who wrote on Middle East and Oriental erotica.,India,,,
The Evolution of the British Empire and Commonwealth from the American Revolution,Alfred LeRoy Burt,1969,,This book cannot be imported into India.,India,,,
A Struggle between two lines over the question of How to Deal with U.S. Imperialism,Hsiu-chu Fan,1969,,This book cannot be imported into India.,India,,,
Man from Moscow,Greville Wynne,1970,,This book cannot be imported into India. Greville Wynne was a courier for the British Secret Intelligence Service (MI6). The book is about his involvement with Oleg Penkovsky. The book was banned for purportedly misrepresenting Indian policies.,India,,,
Nehru: A Political Biography,Michael Edwardes,1971,,This book cannot be imported into India. The book purportedly contained grievous factual errors.,India,,,
Early Islam,Desmond Stewart,1975,,This book cannot be imported into India. The book purportedly contained grievous factual errors.,India,,,
India Independent,Charles Bettelheim,1976,,This book cannot be imported into India. It was banned for criticising the policies of the Indian government.,India,,,
China's Foreign Relations Since 1949,Alan Lawrence,1978,,This book cannot be imported into India.,India,,,
Who killed Gandhi,Lourenço de Salvador,1979,,This book cannot be imported into India. The book was considered inflammatory and ill-researched.,India,,,
The Price of Power: Kissinger and Nixon in the White House,Seymour Hersh,1983,,"Briefly banned for alleging Morarji Desai to be a CIA informer. The book claimed that Morarji Desai was paid US$20,000 per year, starting from the time of Lyndon B. Johnson. Desai obtained an injunction from the Bombay High Court for a temporary ban and sued for damages worth US$5 million in US.",India,,,
Smash and Grab: Annexation of Sikkim,Sunanda K. Datta-Ray,1984,,The book dealt with India's annexation of Sikkim. The Delhi High Court had stopped its publication after a political officer station in Gangtok at the time filed a defamation suit. The book was later allowed for release.,India,,,
The Satanic Verses,Salman Rushdie,1988,,This book cannot be imported into India. Import ban was imposed after Muslim groups protested that it was blasphemous and hurt their religious sentiments. India was the first country to ban this book.,India,,,
Soft Target: How the Indian Intelligence Service Penetrated Canada,"Zuhair Kashmeri 
 and
 Brian McAndrew",1989,,"The book claims that the Indian intelligence agencies penetrated the Canadian Sikh community, Royal Canadian Mounted Police (RCMP) and Canadian Security Intelligence Service (CSIS) to discredit the demand for a separate Sikh state.",India,,,
Understanding Islam through Hadis,Ram Swarup,1991,,"The book, originally published in 1982, was banned for its critique of political Islam.",India,,,
The True Furqan,"Al Saffee, Al Mahdee",2005,,Banned for purportedly mocking Islam. The book has been allegedly written by a Christian evangelical group to proselytise Muslims. The import of this book is strictly prohibited.,India,,,
"Santsurya Tukaram 
 and 
 Loksakha Dnyaneshwar",Anand Yadav,2014,,A Pune court ordered the copies of the books to be destroyed in June 2014. The complaint Jaisingh More had claimed that the book was derogatory to Tukaram and Dnyaneshwar. The publishers defended the book and the author's daughter stated that they will appeal in a higher court.,India,,,
Year 501: The Conquest Continues (1993),Noam Chomsky,1993,Politics,"Banned for distribution in South Korean military as one of 23 books banned on August 1, 2008.",South Korea,,,
Bad Samaritans: The Myth of Free Trade and the Secret History of Capitalism,Ha-Joon Chang,2008,Non-fiction,"One of 23 books which from August 1, 2008, onward is banned for distribution within the South Korean military.",South Korea,,,
One Spoon on This Earth,Hyun Ki-young,1999,Novel,"Banned for distribution within the South Korean military for being ""pro-North Korea"". It was one of 23 books banned there beginning in August 2008.",South Korea,,,
Satyarth Prakash,Dayananda Saraswati,1875,Religious text,Swami Dayananda's religious text Satyarth Prakash was banned in some princely states and in Sindh in 1944 and is still banned in Sindh.,Pakistan,,,
Rangila Rasul (1927),Pt. Chamupati,1927,Religious,"Currently banned in India, Pakistan, and Bangladesh.",Pakistan,,,
Jinnah of Pakistan (1982),Stanley Wolpert,1982,Biography,Banned in 1984 by the military dictator Zia-ul-Haq's government because of some 'offending passages'. Ban lifted in 1989 by the next democratic government.,Pakistan,,,
The Satanic Verses (1988),Salman Rushdie,1988,Novel,Banned for blasphemy against Islam.,Pakistan,,,
The Truth About Muhammad,Robert Spencer,2006,Non-fiction,"On December 20, 2006, the government of Pakistan announced a ban on Spencer's book, citing ""objectionable material"" as the cause.",Pakistan,,,
Animal Farm,George Orwell,1945,Political novella,Censored in Vietnam.[citation needed],Vietnam,,,
Paradise of the Blind,Dương Thu Hương,1988,"Novel, Literary fiction",Censored in Vietnam for criticism on the political party in control.[citation needed],Vietnam,,,
Happy New Year (1975),Rubem Fonseca,1975,Fiction,Banned in Brazil by the censorship during the military dictatorship.,Brazil,,,
Droll Stories,Honoré de Balzac,1837,Short stories,Banned for obscenity in 1914.,Canada,,,
Lady Chatterley's Lover,D. H. Lawrence,1928,Novel,The unexpurgated United States edition was allowed to be imported by McClelland & Stewart in 1959. The book's status as an obscene publication was not resolved until a ruling by the Supreme Court of Canada in 1962.,Canada,,,
By Grand Central Station I Sat Down and Wept,Elizabeth Smart,1945,Autobiographical prose poetry,Banned in Canada from 1945 to 1975 under the influence of Smart's family's political power due to its sexual documentation of Smart's affair with a married man.,Canada,,,
The Naked and the Dead (1948),Norman Mailer,1948,Novel,"Banned in Canada in 1949 for ""obscenity"".",Canada,,,
Lolita (1955),Vladimir Nabokov,1955,Novel,Banned in Canada in 1956. The ban was not enforced on imports of the Putnam edition from the United States and was lifted in late 1958.,Canada,,,
Peyton Place (1956),Grace Metalious,1956,Novel,Banned in Canada from 1956 to 1958.,Canada,,,
How to Kill (series),John Minnery,1973,Instructional,Banned in Canada in 1977.,Canada,,,
The Hoax of the Twentieth Century,Arthur Butz,1976,Non-fiction,"Classified as ""hate literature"" in Canada with the Royal Canadian Mounted Police destroying copies as recently as 1995.",Canada,,,
The Turner Diaries,William Luther Pierce,1978,Novel,"Classified as ""hate literature"" in Canada and subsequently banned from import into the country.",Canada,,,
Lethal Marriage,Nick Pron,1995,True crime,"Written by a newspaper reporter about the Paul Bernardo and Karla Homolka case, this book allegedly contains inaccuracies, additionally, complaints were received by the St. Catharines library board from the mother of a victim that led to the book being removed from all public library branches in the city. As recently as 1999 this book was still unavailable to public library patrons in St. Catherines.",Canada,,,
Works,Hamid Ismailov,–,"Novels, poems, journalist writing",Author in exile since 1994 and all his works are banned for being critical of the government.,Uzbekistan,,,
Ivanhoe,Walter Scott,1819,Novel,Prohibited by Nazi Germany for featuring Jewish characters.,Germany,,,
Oliver Twist,Charles Dickens,1839,Novel,Prohibited by Nazi Germany for featuring Jewish characters.,Germany,,,
The Communist Manifesto,Karl Marx and Friedrich Engels,1848,Political Manifesto,"Prohibited by several countries, Nazi Germany.",Germany,,,
Works,Stefan Zweig,1900–1933,"Plays, Novels, Non-fiction",All of Zweig's books published up to 1933 were banned by the Nazis in that same year.,Germany,,,
Works,Sigmund Freud,1901–1933,Non-fiction,All of Freud's books published up to 1933 were banned by the Nazis in that same year.,Germany,,,
The Jungle (1906),Upton Sinclair,1906,Novel,"In 1956, it was banned in East Germany for its incompatibility with Communism.",Germany,,,
The Iron Heel,Jack London,1908,Novel,"Banned by the Nazis along with two other London novels, Martin Eden and The Jacket.",Germany,,,
Works,Bertolt Brecht,1918–1933,"Plays, Novels, Poetry, Non-fiction",All of Brecht's books published up to 1933 were banned by the Nazis in that same year.,Germany,,,
The Outline of History,H. G. Wells,1920,Non-fiction,Wells' book was banned in Nazi Germany.,Germany,,,
Berlin Garden of Erotic Delights,"Erwin von Busse under the pseudonym ""Granand""",1920,Short story collection,"Banned for ""indecency"" by courts in Berlin and Leipzig",Germany,,,
Mein Kampf (1925),Adolf Hitler,1925,Political manifesto,"In Germany, the copyright of the book was held by the State Government of Bavaria, and the Bavarian authorities prevented any reprinting from 1945 onward. This did not affect existing copies, which were available as vintage books. In 2016, following the expiration of the copyright, Mein Kampf was republished in Germany for the first time since 1945 as a commented edition by the Institut für Zeitgeschichte.",Germany,,,
The World of William Clissold,H. G. Wells,1926,Novel,"Banned in Nazi Germany in 1936. A further note to the banning order added that ""all other works by the author"" were to be suppressed.",Germany,,,
All Quiet on the Western Front,Erich Maria Remarque,1929,Anti-war novel,Banned in Nazi Germany for being demoralizing and insulting to the Wehrmacht.,Germany,,,
Die Gesteinigten,Friedrich Forster,1933,Drama,Banned and printed copies pulped,Germany,,,
The Story of Ferdinand,Munro Leaf,1936,Children's fiction,Banned in Nazi Germany.,Germany,,,
Truth for Germany—The Question of Guilt for the Second World War,Udo Walendy,1968,Historical work,"In 1979 this book was listed by Germany's Federal Department for Media Harmful to Young Persons as material that could not be publicly advertised or given to young readers, due to the version it presented of the events that led to World War II. This restriction was lifted in 1994, after a long legal battle.",Germany,,,
Les Mœurs,François-Vincent Toussaint,,Book,Officially banned in France in 1748.,France,,,
Madame Bovary (1856),Gustave Flaubert,1856.0,Novel,"After appearing as a successful serial in the Revue de Paris Gustave Flaubert's Madame Bovary went on trial in France on January 30, 1857, for ""offenses against public morals"", but did not succeed in court.",France,,,
Lolita (1955),Vladimir Nabokov,1955.0,Novel,"French officials banned it for being ""obscene"".",France,,,
Suicide mode d'emploi (1982),Claude Guillon,1982.0,Instructional,"This book, reviewing recipes for committing suicide, was the cause of a scandal in France in the 1980s, resulting in the enactment of a law prohibiting provocation to commit suicide and propaganda or advertisement of products, objects, or methods for committing suicide. Subsequent reprints were thus illegal. The book was cited by name in the debates of the French National Assembly when examining the bill.",France,,,
The Satanic Verses (1988),Salman Rushdie,1988,Novel,Banned for blasphemy against Islam.,Liberia,,,
One Day of Life (1980),Manlio Argueta,1980,Novel,Banned by El Salvador for its portrayal of human rights violations.,El Salvador,,,
I Didn't Do It for You: How the World Betrayed a Small African Nation (2005),Michela Wrong,2005,History,Banned in Eritrea in 2014 for its criticism of President Isaias Afewerki.[failed verification],Eritrea,,,
My Father's Daughter (2005),Hannah Pool,2005,Biography,Banned in Eritrea in 2014 for political content.[failed verification],Eritrea,,,
Scouting for the Reaper (2014),Jacob M. Appel,2014,Fiction,Banned in Eritrea in 2014 for its criticism of civil liberties under President Isaias Afewerki.[failed verification],Eritrea,,,
The Satanic Verses (1988),Salman Rushdie,1988,Novel,Banned for blasphemy against Islam.,Malaysia,,,
Onward Muslim Soldiers,Robert Spencer,2003,Non-fiction,"On July 12, 2007, the government of Malaysia announced a ban on Spencer's book, citing ""confusion and anxiety among the Muslims"" as the cause.",Malaysia,,,
Fifty Shades Trilogy,E L James,2011–12,Novel,"The entire trilogy was banned in Malaysia from 2015 for containing ""sadistic"" material and ""threat to morality"".",Malaysia,,,
The Mask of Sanity (2017),Jacob M. Appel,2017,Novel,Banned preemptively in Malaysia for blasphemy.,Malaysia,,,
"Rebirth: Reformasi, Resistance, and Hope in New Malaysia",Kean Wong,2020,Non- fiction,"Banned for containing insulting elements to the Malaysian coat of arms which is likely to be prejudicial to public order, security, national interest, alarm public opinion and contrary to any law, and therefore is ""absolutely prohibited throughout Malaysia"".",Malaysia,,,
Gay is OK! A Christian Perspective(2013–2022),Boon Lin Ngeo,2013,Non-fiction,"Banned for attempting to promote homosexual culture in Malaysia, which goes against religious and cultural sensitivities in the country.
In 2022, the ban was challenged through a judicial review petition in High Court of Kuala Lumpur. The court quashed the ban and ordered the Home Ministry of Malaysia to pay RM 5000 to the author.",Malaysia,,,
Peichi (Tamil: ''பேய்ச்சி''),Ma. Naveen,2020,Novel,"Banned for containing pornographic and immoral content.
Notably, it was the first Tamil language publication to be banned in the country.",Malaysia,,,
Jane Eyre (1847),Amy Corzine and Charlotte Brontë,,Novel,Jane Eyre was censored because the CCP deemed it socially corrupting to the youth of China during the Cultural Revolution.,China,,,
Alice's Adventures in Wonderland (1865),Lewis Carroll,,Children's Novel/Adventure,"Alice's Adventures in Wonderland was banned in the province of Hunan, China by the KMT's government, beginning in 1931, due to its portrayal of anthropomorphized animals which act with the same level of complexity as human beings. The censor General Ho Chien believed that attributing human language to animals was an insult to humans. He feared that the book would teach children to believe that humans and animals were on the same level, a result which would be ""disastrous.""",China,,,
Various works,Shen Congwen (1902–1988),,Novels,"""Denounced by the Communists and Nationalists alike, Mr. Shen saw his writings banned in Taiwan, while mainland [China] publishing houses burned his books and destroyed printing plates for his novels. .... So successful was the effort to erase Mr. Shen's name from the modern literary record that few younger Chinese today recognize his name, much less the breadth of his work. Only since 1978 has the Chinese Government reissued selections of his writings, although in editions of only a few thousand copies. .... In China, his passing was unreported.""",China,,,
Life and Death in Shanghai (1986),Nien Cheng,,Autobiography,It is about the author's personal tortured experience during the Cultural Revolution.,China,,,
Soul Mountain (1989),Gao Xingjian,,Novel,"Gao Xingjian won the 2000 Nobel Prize in Literature for the book, however all of his works have been banned for having content critical of the CCP.",China,,,
"White Snow, Red Blood (1989)",Zhang Zhenglong,,Non-fiction novel,"Banned in 1990, and both the author and publishers were imprisoned for publishing it. The book includes information about atrocities committed by the Red Army during the siege of Changchun, the smuggling of opium by senior Party leader Wang Zhen during the Chinese Civil War, and claims that China's official description of the ""Lin Biao affair"" is inaccurate.",China,,,
Wild Swans: Three Daughters of China (1991),Jung Chang,,Family history,It talked about brutal political upheavals in China and purges of the Cultural Revolution.,China,,,
Yellow Peril (1991),Wang Lixiong,,Novel,Banned. The book contains episodes of a fictional collapse of Chinese communist rule.,China,,,
Zhuan Falun (1993),Li Hongzhi,,Spiritual/Political,Banned in mainland China.,China,,,
The Private Life of Chairman Mao (1994),Li Zhisui,,Memoir,Banned for exploring Mao's private life.,China,,,
One Man's Bible (1999),Gao Xingjian,,Novel,All of Gao Xingjian's works have been banned for having content critical of the CCP.,China,,,
"How the Red Sun Rose: The Origins and Development of the Yan'an Rectification Movement, 1930-1945 (2000)",Gao Hua,,History,Banned for exploring in detail Mao Zedong in the Yan'an Rectification and the internal struggles of the CCP.,China,,,
Shanghai Baby (2001),Wei Hui,,Semi-autobiographical novel,"Banned. Burned in the street and the publisher was shut down for three months because of its sexual and drug-related content, which has been accused of being ""immoral"" by the government. Other writers have accused the book of plagiarism.",China,,,
The Tiananmen Papers (2001),Compiled by Zhang Liang,,Compilation of selected Chinese official documents,Controversy about this book include authenticity of selected documents and selection bias.,China,,,
Candy (2003),Mian Mian,,Novel,"Chinese government censored it because it was, ""a poster child for spiritual pollution"".",China,,,
Death Note (2003 – 2006),Tsugumi Ohba,,Japanese Manga,"Officially banned, but discussion and pirated copies are allowed to circulate.",China,,,
Zhou Enlai: The Last Perfect Revolutionary (2003 or 2008),Gao Wenqian,,Biography,Banned in China.,China,,,
Buying a Fishing Rod for My Grandfather (2004),Gao Xingjian,,Short story collections,All of Gao Xingjian's works have been banned for having content critical of the CCP.,China,,,
I Love My Mum (2004),Chen Xiwo,,Political,A novella in which the relationship between Chinese citizens and their government are metaphorically portrayed as a cognitively impaired man in extreme sexual situations with their mother.,China,,,
Will the Boat Sink the Water (2004),Chen Guidi and Wu Chuntao,,Academic study,"Banned for exploring peasant protests. Sold an estimated 7 million pirated copies, despite being almost immediately banned by China's propaganda department.",China,,,
Mao: The Unknown Story (2005),Jung Chang,,Political,Banned due to depicting Chairman Mao Zedong as a fascist leader against his people. Book reviews have also been banned.,China,,,
Lingren Wangshi (2005),Zhang Yihe,,Non-fiction,"The book, which documents the experiences of Peking Opera artists during the Anti-Rightist Campaign and the Cultural Revolution, was banned by the General Administration of Press and Publication in 2007.",China,,,
Dream of Ding Village (2006),Yan Lianke,,Novel,"Banned for discussing AIDS in rural China (Plasma Economy), the ban had reportedly been lifted.",China,,,
Serve the People! (2008),Yan Lianke,,Novel,"Banned for ""slandering Mao Zedong"", and depicting images of sex.",China,,,
"Tombstone: The Great Chinese Famine, 1958-1962 [zh; fr] (2008)",Yang Jisheng,,History,"Published in Hong Kong, banned for discussing the Great Chinese Famine.",China,,,
"Big River, Big Sea — Untold Stories of 1949 (2009)",Lung Ying-tai,,Non-Fiction,"It sold over 100,000 copies in Taiwan and 10,000 in Hong Kong in its first month of release, but discussion of her work was banned in mainland China following the book launch.",China,,,
Prisoner of the State (2009),Zhao Ziyang,,Memoir,Banned. The book is memoirs by former Chinese General Secretary Zhao Ziyang.,China,,,
China's Best Actor: Wen Jiabao (2010),Yu Jie,,Political,Published in Hong Kong and banned in mainland China. Author moved to the United States in 2012.,China,,,
"Bloody Myth: An Account of the Cultural Revolution Massacre of 1967 in Daoxian, Hunan (血的神话: 公元1967年湖南道县文革大屠杀纪实) (2012)",Tan Hecheng,,Non-fiction,An account of murders in a rural district of China during Mao Zedong's Cultural Revolution. Banned for 26 years and released in 2012.,China,,,
Moving Away from the Imperial Regime (2015),Qin Hui,,Political,"Banned. The book explores the unfulfilled promise of constitutional democracy, and another historian suggests that it may have been banned because the topic deals with the Chinese dynastic cycle.",China,,,
Capital and Ideology (2019),Thomas Piketty,,Economy,Banned for discussing China's income inequality and for refusing to accept censorship for a planned translation.,China,,,
"Unfree Speech: The Threat to Global Democracy and Why We Must Act, Now (2020)",Joshua Wong,,Political,Censored due to inciting secession. Taken out of libraries because of the Hong Kong national security law.,China,,,
The Chongzhen Emperor: Diligent Ruler of a Failed Dynasty (2023),Chen Wutong,,History,"Censored due to popular comparisons between the final emperor of the Ming dynasty, the Chongzhen Emperor, and Xi Jinping.",China,,,
Noli Me Tángere,Jose Rizal,1887.0,Novel,Banned by Spanish colonial authorities in the Philippines due to being critical to the Spanish government.,Philippines,,,
El Filibusterismo,Jose Rizal,1891.0,Novel,Banned by Spanish colonial authorities in the Philippines due to being critical to the Spanish government.,Philippines,,,
The Conjugal Dictatorship of Ferdinand and Imelda Marcos,Primitivo Mijares,1976.0,Non-fiction,Banned for during the Martial Law period due to being critical of the administration of President Ferdinand Marcos.,Philippines,,,
The Untold Story of Imelda Marcos,Carmen Navarro Pedrosa,,Biography,"Banned in 1972, shortly after the start of the Martial Law period under President Ferdinand Marcos. The ""unauthorized"" biography was banned for the depiction of First Lady Imelda Marcos' extravagance.",Philippines,,,
"Tawid diwa sa pananagisag ni Bienvenido Lumbera: Ang Bayan, ang Nanunulat at ang Magasing Sagisag sa Imahinatibong Yugto ng Batas Militar 1975–1979",Dexter Cayanes,,,"Research on the literary works by Bienvenido Lumbera, who was imprisoned during the Martial Law period under President Ferdinand Marcos. Banned in 2022 by the Commission on the Filipino Language (KWF) from public libraries and schools for being ""anti-government"".",Philippines,,,
Teatro Political Dos,Malou Jacob,,,"Banned in 2022 by the Commission on the Filipino Language (KWF) from public libraries and schools for being ""anti-government"". The works are previously published under the auspices of the KWF.",Philippines,,,
Kalatas: Mga Kuwentong Bayan at Kuwentong Buhay,Rommel Rodriguez,,,"Banned in 2022 by the Commission on the Filipino Language (KWF) from public libraries and schools for being ""anti-government"". The works are previously published under the auspices of the KWF.",Philippines,,,
May Hadlang ang Umaga,Don Pagusara,,,"Banned in 2022 by the Commission on the Filipino Language (KWF) from public libraries and schools for being ""anti-government"". The works are previously published under the auspices of the KWF.",Philippines,,,
Labas: Mga Palabas ng Sentro,Reuel Aguilla,,,"Banned in 2022 by the Commission on the Filipino Language (KWF) from public libraries and schools for being ""anti-government",Philippines,,,
The Satanic Verses (1988),Salman Rushdie,1988,Novel,Banned for blasphemy against Islam.,Papua New Guinea,,,
How to Read Donald Duck,Ariel Dorfman and Armand Mattelart,1971,Non-fiction,Banned in Pinochet's Chile. The Chilean army publicly burned copies of the book.,Chile,,,
The House of the Spirits,Isabel Allende,1982,Novel,Banned in Pinochet's Chile.,Chile,,,
Clandestine in Chile,Gabriel García Márquez,1986,Non-fiction,"Banned in Pinochet's Chile. On November 28, 1986, the Chilean customs authorities seized almost 15,000 copies of Clandestine in Chile, which were later burned by military authorities in Valparaíso.",Chile,,,
The White Disease (1937),Karel Čapek,1937,Play,Banned by government of Second Czechoslovak Republic in 1938.,Czechoslovakia,1938,1945,
Animal Farm (1945),George Orwell,1946,Political novella,Banned by government in 1948.,Czechoslovakia,1948,1968,
A Feast for the Seaweeds (Walimah li A'ashab al-Bahr),Haidar Haidar,1983,Novel,"Banned in Egypt and several other Arab states, and even resulted in a belated angry reaction from the clerics of Al-Azhar University upon reprinting in Egypt in the year 2000. The clerics issued a fatwa banning the novel, and accused Haidar of heresy and offending Islam. Al-Azhar University students staged huge protests against the novel, that eventually led to its confiscation.",Egypt,,,
The Satanic Verses (1988),Salman Rushdie,1988,Novel,Banned for blasphemy against Islam.,Egypt,,,
